countid,country,year,popsize,PMI,amountPMI(Per capita aid disbursement),"PEPFAR (1=yes, 0=no)",OtherDAHPMI,Neonatal,average Plasmodium falciparum rate in 2-10 years old in 2005 MAP,GNI per capita in 2004-2014 (PPP),Voice and accountability,RegulatoryQuality,RuleOfLaw,health expenditure in 2004-2014,RuralPopulation,government effectiveness index in 2005,political stability index in 2004-2005,corruption index,GovEffectiveness
1,Angola,2004,18865716,0,0,0,57720079,56.70000076,0.290899992,2610,-1.279999971,-1.25,-1.460000038,153.3006744,64.59500122,,-1.04,-1.28,-1.279999971
1,Angola,2005,19552542,1,1740000,0,138584938,56.09999847,0.2790000141,3010,-1.24000001,-1.289999962,-1.440000057,157.5211639,63.83100128,,-0.8899999857,-1.33,-1.169999957
1,Angola,2006,20262399,1,7500000,0,57234955,55.5,0.2460999936,3600,-1.230000019,-1.120000005,-1.289999962,209.6148376,63.05799866,,-0.5400000215,-1.18,-1.350000024
1,Angola,2007,20997687,1,18500000,1,64829857,55,0.1915999949,4480,-1.169999957,-1.029999971,-1.389999986,189.9018707,62.27799988,,-0.6999999881,-1.29,-1.230000019
1,Angola,2008,21759420,1,18846000,1,95637080,54.09999847,0.1242000014,4810,-1.129999995,-1.059999943,-1.389999986,242.1542664,61.49100113,,-0.349999994,-1.28,-1.070000052
1,Angola,2009,22549547,1,18700000,1,80387725,53.40000153,0.0877000019,5200,-1.129999995,-1.019999981,-1.24000001,274.7344971,60.70100021,,-0.3700000048,-1.42,-0.9700000286
1,Angola,2010,23369131,1,35500000,1,59274148,52.59999847,0.08060000092,5210,-1.120000005,-1.019999981,-1.25999999,215.7057648,59.90299988,,-0.2199999988,-1.32,-1.129999995
1,Angola,2011,24218565,1,30614000,1,50601873,51.90000153,0.08569999784,5360,-1.120000005,-1.080000043,-1.25,220.5002899,59.09999847,,-0.3600000143,-1.34,-1.149999976
1,Angola,2012,25096150,1,30750000,1,94296448,51.09999847,0.09300000221,5560,-1.070000052,-0.9599999785,-1.269999981,223.2445221,58.30099869,,-0.3799999952,-1.29,-1
1,Angola,2013,25998340,1,28547000,1,106433869,50.40000153,0.1108999997,5890,-1.110000014,-1.049999952,-1.25999999,301.9891357,57.50999832,,-0.3899999857,-1.33,-1.220000029
1,Angola,2014,26920466,1,29000000,1,81650348,49.59999847,0.1081999987,6130,-1.149999976,-0.9800000191,-1.100000024,239.0102386,56.72600174,,-0.349999994,-1.45,-1.129999995
2,Benin,2004,7750004,0,0,0,62017552,36.09999847,0.4047999978,1500,0.1000000015,-0.4799999893,-0.5899999738,62.57837677,60.36500168,,0.2599999905,-0.49,-0.3600000143
2,Benin,2005,7982225,0,0,0,66507650,35.5,0.4106999934,1540,0.009999999776,-0.5699999928,-0.5899999738,66.76049042,60.01800156,,0.4499999881,-0.97,-0.6200000048
2,Benin,2006,8216896,1,1774000,0,62640435,35,0.4144000113,1600,0.3300000131,-0.4199999869,-0.5600000024,69.42651367,59.66199875,,0.5099999905,-0.63,-0.5699999928
2,Benin,2007,8454791,1,3600000,0,59166862,34.5,0.3944000006,1690,0.3400000036,-0.4300000072,-0.5500000119,69.1966095,59.29700089,,0.3300000131,-0.49,-0.5199999809
2,Benin,2008,8696916,1,13887000,0,68343113,34.09999847,0.3576999903,1770,0.3000000119,-0.4900000095,-0.5600000024,66.35791016,58.92200089,,0.3300000131,-0.53,-0.4499999881
2,Benin,2009,8944706,1,13800000,0,93631413,33.79999924,0.3203000128,1760,0.3300000131,-0.3300000131,-0.6700000167,70.92418671,58.53900146,,0.3799999952,-0.67,-0.5600000024
2,Benin,2010,9199259,1,21000000,0,101387085,33.5,0.2985000014,1770,0.2899999917,-0.3199999928,-0.6999999881,79.34247589,58.14599991,,0.2199999988,-0.74,-0.5799999833
2,Benin,2011,9460802,1,18313000,0,106471397,33.29999924,0.2768999934,1820,0.1400000006,-0.3300000131,-0.7099999785,88.22889709,57.74399948,,0.2899999917,-0.64,-0.5199999809
2,Benin,2012,9729160,1,18500000,0,74756525,32.90000153,0.2725000083,1870,0.1000000015,-0.3799999952,-0.6200000048,83.32962036,57.33300018,,0.3199999928,-0.93,-0.5099999905
2,Benin,2013,10004451,1,16653000,0,92152092,32.59999847,0.258100003,1990,0.1299999952,-0.400000006,-0.6200000048,82.24058533,56.91400146,,0.2599999905,-0.84,-0.4900000095
2,Benin,2014,10286712,1,16500000,0,114402229,32.20000076,0.2381000072,2090,0.25,-0.5600000024,-0.5500000119,85.60836029,56.48600006,,0.03999999911,-0.78,-0.4600000083
3,Burkina Faso,2004,13030569,0,0,0,83327879,38.29999924,0.5802000165,1000,-0.4499999881,-0.3400000036,-0.5600000024,64.98683929,79.24299622,,-0.1099999994,-0.15,-0.5299999714
3,Burkina Faso,2005,13421930,0,0,0,94520058,36.70000076,0.5544000268,1090,-0.4600000083,-0.4199999869,-0.5099999905,75.38969421,78.46299744,,-0.07999999821,-0.09,-0.5899999738
3,Burkina Faso,2006,13829177,0,0,0,98296646,35.20000076,0.543900013,1170,-0.3799999952,-0.3199999928,-0.4099999964,76.27144623,77.66100311,,0.1400000006,-0.32,-0.75
3,Burkina Faso,2007,14252021,0,0,0,99188156,33.90000153,0.5746999979,1220,-0.3400000036,-0.25,-0.3899999857,81.26638031,76.83699799,,0.2899999917,-0.35,-0.7400000095
3,Burkina Faso,2008,14689726,0,0,0,133344988,32.70000076,0.6323000193,1300,-0.3199999928,-0.1700000018,-0.3400000036,88.02503967,76.00700378,,0.1000000015,-0.32,-0.4699999988
3,Burkina Faso,2009,15141099,0,0,0,133508990,31.60000038,0.6700000167,1310,-0.3199999928,-0.09000000358,-0.200000003,96.90349579,75.17199707,,0.009999999776,-0.38,-0.5799999833
3,Burkina Faso,2010,15605217,0,0,0,178682160,30.39999962,0.6542999744,1430,-0.2800000012,-0.1400000006,-0.1800000072,99.91912079,74.33499908,,-0.150000006,-0.39,-0.5600000024
3,Burkina Faso,2011,16081904,0,0,0,97935807,29.39999962,0.5796999931,1430,-0.3100000024,-0.1599999964,-0.3700000048,76.01352692,73.49500275,,-0.5799999833,-0.39,-0.5400000215
3,Burkina Faso,2012,16571216,0,0,0,158202447,28.60000038,0.4957000017,1490,-0.3300000131,-0.1099999994,-0.4199999869,82.40361786,72.65399933,,-0.5899999738,-0.51,-0.6200000048
3,Burkina Faso,2013,17072723,0,0,0,145257018,27.89999962,0.3948999941,1540,-0.2899999917,-0.1700000018,-0.5199999809,96.72003174,71.81400299,,-0.8000000119,-0.57,-0.6600000262
3,Burkina Faso,2014,17585977,0,0,0,146242864,27.20000076,0.3682000041,1570,-0.4099999964,-0.2899999917,-0.5400000215,82.30537415,70.97599792,,-0.8000000119,-0.53,-0.5799999833
4,Burundi,2004,7182451,0,0,0,32058279,36.90000153,0.324000001,620,-1.309999943,-1.200000048,-1.600000024,42.60212708,90.86100006,,-2.50999999,-0.97,-1.309999943
4,Burundi,2005,7423289,0,0,0,44586009,36,0.2393999994,630,-0.6399999857,-1.350000024,-1.179999948,59.34786224,90.625,,-1.50999999,-0.9,-1.25999999
4,Burundi,2006,7675338,0,0,0,52762542,35.20000076,0.2087000012,670,-0.7400000095,-1.190000057,-0.9700000286,72.70313263,90.38300323,,-1.389999986,-1.05,-1.090000033
4,Burundi,2007,7939573,0,0,0,48026137,34.20000076,0.1916999966,700,-0.7400000095,-1.230000019,-1.090000033,65.8684845,90.13600159,,-1.309999943,-1.11,-1.24000001
4,Burundi,2008,8212264,0,0,0,69280992,33.29999924,0.1791000068,730,-0.7099999785,-1.230000019,-1.039999962,53.37726212,89.88200378,,-1.629999995,-1.02,-1.110000014
4,Burundi,2009,8489031,0,0,0,80756118,32.29999924,0.1764000058,730,-0.7099999785,-1.149999976,-1.159999967,48.57511139,89.62400055,,-1.269999981,-1.07,-1.029999971
4,Burundi,2010,8766930,0,0,0,107659783,31.70000076,0.1529999971,740,-0.9399999976,-1.100000024,-1.190000057,61.32775879,89.35900116,,-1.590000033,-1.1,-1.100000024
4,Burundi,2011,9043508,0,0,1,117834903,31,0.131400004,770,-0.9300000072,-1,-1.120000005,61.53007126,89.08799744,,-1.779999971,-1.12,-1.059999943
4,Burundi,2012,9319710,0,0,1,104959890,30.39999962,0.112999998,790,-0.8899999857,-0.9399999976,-1.070000052,60.80011368,88.81099701,,-1.690000057,-1.44,-1.320000052
4,Burundi,2013,9600186,0,0,1,118962941,29.79999924,0.09380000085,820,-0.9499999881,-0.8799999952,-1.039999962,60.26275635,88.52799988,,-1.309999943,-1.38,-1.059999943
4,Burundi,2014,9891790,0,0,1,125322019,29.29999924,0.09319999814,850,-1.039999962,-0.7099999785,-0.9300000072,58.01861954,88.23899841,,-0.8000000119,-1.19,-1.120000005
5,Cameroon,2004,16959081,0,0,0,57733402,31.10000038,0.4614000022,2230,-0.9900000095,-0.6800000072,-1.200000048,103.7100601,52.06000137,,-0.400000006,-1.07,-0.6999999881
5,Cameroon,2005,17420795,0,0,0,60091150,30.70000076,0.469900012,2280,-1.019999981,-0.8600000143,-1.179999948,107.1951523,51.45899963,,-0.1800000072,-1.16,-0.8799999952
5,Cameroon,2006,17899562,0,0,0,77567671,30.20000076,0.4325999916,2400,-1.029999971,-0.8299999833,-1.129999995,109.6316605,50.85699844,,-0.2599999905,-1.03,-0.9200000167
5,Cameroon,2007,18395389,0,0,0,77384052,29.60000038,0.3903999925,2450,-1.059999943,-0.8299999833,-1.169999957,115.0051498,50.25899887,,-0.3400000036,-0.95,-0.8199999928
5,Cameroon,2008,18907008,0,0,0,80418509,29,0.3280999959,2510,-1.080000043,-0.8100000024,-1.090000033,127.9796371,49.6629982,,-0.5500000119,-0.94,-0.7900000215
5,Cameroon,2009,19432541,0,0,0,86070264,28.5,0.2709999979,2540,-1.059999943,-0.7400000095,-1.110000014,125.5129242,49.0719986,,-0.4799999893,-0.92,-0.8199999928
5,Cameroon,2010,19970495,0,0,0,65998569,28.10000038,0.2353000045,2570,-1.080000043,-0.7300000191,-1.049999952,133.3302002,48.48400116,,-0.7300000191,-0.99,-0.8799999952
5,Cameroon,2011,20520447,0,0,1,153461219,27.5,0.2002000064,2660,-1.049999952,-0.7900000215,-1.059999943,103.5778198,47.90100098,,-0.6600000262,-1.08,-0.8799999952
5,Cameroon,2012,21082383,0,0,1,115655382,26.89999962,0.1859000027,2740,-1.029999971,-0.9200000167,-1.029999971,117.7681503,47.32300186,,-0.5799999833,-1.26,-0.8899999857
5,Cameroon,2013,21655715,0,0,1,154802532,26.5,0.1972000003,2850,-1.049999952,-0.9300000072,-1.039999962,121.7318192,46.75,,-0.5299999714,-1.19,-0.9200000167
5,Cameroon,2014,22239904,0,0,1,125068276,26.10000038,0.189199999,3030,-0.9700000286,-0.8799999952,-0.8799999952,121.9234161,46.18099976,,-1.029999971,-1.15,-0.7699999809
6,Chad,2004,9710043,0,0,0,40388384,45.20000076,0.1477999985,1150,-1.200000048,-0.8299999833,-1.340000033,78.18543243,78.23200226,,-1.5,-1.28,-1.120000005
6,Chad,2005,10067009,0,0,0,47551029,44.79999924,0.1541000009,1350,-1.25999999,-1.169999957,-1.450000048,62.43452835,78.1989975,,-1.389999986,-1.43,-1.350000024
6,Chad,2006,10421597,0,0,0,36059064,44.5,0.1564999968,1340,-1.429999948,-1.080000043,-1.50999999,53.14427567,78.16600037,,-1.809999943,-1.28,-1.450000048
6,Chad,2007,10775708,0,0,0,25976671,44.09999847,0.123300001,1410,-1.470000029,-1.120000005,-1.50999999,54.88388443,78.13200378,,-1.860000014,-1.3,-1.590000033
6,Chad,2008,11133861,0,0,0,35882569,43.70000076,0.1140000001,1400,-1.460000038,-1.159999967,-1.600000024,48.63788223,78.09899902,,-1.970000029,-1.45,-1.549999952
6,Chad,2009,11502786,0,0,0,31894802,43.09999847,0.1105000004,1630,-1.419999957,-1.039999962,-1.49000001,56.04397964,78.06600189,,-1.690000057,-1.36,-1.419999957
6,Chad,2010,11887202,0,0,0,60384099,42.5,0.1074000001,1820,-1.370000005,-1.059999943,-1.480000019,55.5783577,78.01699829,,-1.50999999,-1.34,-1.450000048
6,Chad,2011,12288651,0,0,0,50966111,41.79999924,0.0978000015,1820,-1.360000014,-1.00999999,-1.450000048,59.01292419,77.95200348,,-1.309999943,-1.26,-1.350000024
6,Chad,2012,12705135,0,0,0,42648666,41.09999847,0.09790000319,1950,-1.340000033,-1.070000052,-1.450000048,59.90135956,77.8710022,,-1.059999943,-1.25,-1.480000019
6,Chad,2013,13133589,0,0,0,97503507,40.5,0.09449999779,1980,-1.389999986,-0.9900000095,-1.370000005,70.79693604,77.77300262,,-1.100000024,-1.29,-1.379999995
6,Chad,2014,13569438,0,0,0,69697881,39.90000153,0.09170000255,2090,-1.340000033,-1.139999986,-1.110000014,79.01538849,77.65899658,,-1.519999981,-1.23,-1.480000019
7,Congo,2004,3605439,0,0,0,9484261,29.60000038,0.3531000018,2660,-0.9499999881,-0.9700000286,-1.149999976,15.00963402,39.46699905,,-2.390000105,-1.43,-1.120000005
7,Congo,2005,3718243,0,0,0,8450336,28.39999962,0.3400000036,2800,-1.080000043,-1.289999962,-1.460000038,14.99155521,39.01200104,,-2.170000076,-1.42,-1.279999971
7,Congo,2006,3842365,0,0,0,10746463,27.10000038,0.283100009,2960,-1.220000029,-1.210000038,-1.24000001,16.96617126,38.55899811,,-2.269999981,-1.48,-1.289999962
7,Congo,2007,3976246,0,0,0,9908499,25.70000076,0.2425999939,3010,-1.25,-1.200000048,-1.210000038,19.10881615,38.10699844,,-2.210000038,-1.3,-1.340000033
7,Congo,2008,4115435,0,0,0,18676601,24.39999962,0.209800005,3360,-1.169999957,-1.25999999,-1.169999957,24.73571777,37.6590004,,-2.019999981,-1.17,-1.230000019
7,Congo,2009,4253712,0,0,0,12785556,23.10000038,0.1888000071,3460,-1.100000024,-1.279999971,-1.190000057,31.25019073,37.2140007,,-1.99000001,-1.36,-1.24000001
7,Congo,2010,4386693,0,0,0,33366884,21.89999962,0.1753000021,3820,-1.059999943,-1.269999981,-1.179999948,23.62151337,36.77199936,,-2.220000029,-1.42,-1.230000019
7,Congo,2011,4512730,0,0,0,31866597,20.89999962,0.1670999974,3870,-1.110000014,-1.25999999,-1.159999967,21.81532478,36.33399963,,-2.230000019,-1.4,-1.200000048
7,Congo,2012,4633363,0,0,0,37257473,19.89999962,0.1538999975,4140,-1.149999976,-1.360000014,-1.110000014,24.5528717,35.90000153,,-2.140000105,-1.3,-1.179999948
7,Congo,2013,4751393,0,0,0,28289081,19.20000076,0.1414999962,4320,-1.100000024,-1.330000043,-1.090000033,27.04017258,35.46900177,,-2.230000019,-1.3,-1.159999967
7,Congo,2014,4871101,0,0,0,11949028,18.60000038,0.1313000023,4830,-1.080000043,-1.220000029,-1.080000043,32.28042984,35.04299927,,-2.200000048,-1.29,-1.120000005
8,Congo DRC,2004,53034217,0,0,0,102581989,37.09999847,0.6018999815,2070,-1.730000019,-1.590000033,-1.700000048,105.71315,63,,-1.139999986,-0.84,-1.450000048
8,Congo DRC,2005,54751476,0,0,0,177808629,36.5,0.616599977,2300,-1.549999952,-1.620000005,-1.570000052,108.5523987,62.52199936,,-1.159999967,-1.01,-1.590000033
8,Congo DRC,2006,56543011,0,0,0,189882370,35.70000076,0.6176000237,2350,-1.279999971,-1.309999943,-1.620000005,113.1795578,62.03900146,,-0.9399999976,-1.05,-1.649999976
8,Congo DRC,2007,58417562,0,0,1,178455235,35,0.6100000143,2410,-1.25999999,-1.25999999,-1.600000024,118.649231,61.55199814,,-0.7599999905,-1.1,-1.779999971
8,Congo DRC,2008,60373608,0,0,1,410772929,34.29999924,0.5814999938,2470,-1.450000048,-1.299999952,-1.549999952,101.7348709,61.05899811,,-0.7099999785,-1.13,-1.700000048
8,Congo DRC,2009,62409435,0,0,1,430269758,33.59999847,0.5342000127,2510,-1.450000048,-1.529999971,-1.629999995,116.1214752,60.56299973,,-0.2800000012,-1.18,-1.700000048
8,Congo DRC,2010,64523263,1,18000000,1,439623500,32.90000153,0.4801000059,2540,-1.440000057,-1.580000043,-1.610000014,125.6965027,60.06299973,,-0.3300000131,-1.11,-1.74000001
8,Congo DRC,2011,66713597,1,34930000,1,472603648,32.29999924,0.4101999998,2410,-1.519999981,-1.519999981,-1.610000014,157.1535034,59.55799866,,-0.3600000143,-1.08,-1.679999948
8,Congo DRC,2012,68978682,1,38000000,1,598329212,31.70000076,0.3249000013,2670,-1.50999999,-1.49000001,-1.649999976,230.6448212,59.04999924,,-0.4900000095,-1.19,-1.659999967
8,Congo DRC,2013,71316033,1,41870000,1,578626563,31.20000076,0.2874000072,2850,-1.480000019,-1.230000019,-1.559999943,302.5980835,58.53900146,,-0.4799999893,-1.19,-1.480000019
8,Congo DRC,2014,73722860,1,50000000,1,616010507,30.60000038,0.2601000071,3130,-1.299999952,-1.360000014,-1.429999948,322.6333618,58.02399826,,-0.3899999857,-1.22,-1.570000052
9,Cote d棚voire,2004,17997738,0,0,1,59760610,47.09999847,0.6908000112,450,-1.299999952,-0.9599999785,-1.419999957,122.7138901,53.82500076,,-2.160000086,-1.22,-1.269999981
9,Cote d棚voire,2005,18336303,0,0,1,59179714,46.09999847,0.679099977,470,-1.360000014,-0.9599999785,-1.529999971,130.1725311,53.16400146,,-2.299999952,-1.25,-1.360000014
9,Cote d棚voire,2006,18699435,0,0,1,87744696,45.20000076,0.6620000005,500,-1.360000014,-0.9100000262,-1.49000001,145.5325317,52.5,,-1.889999986,-1.2,-1.200000048
9,Cote d棚voire,2007,19085941,0,0,1,81339048,44.20000076,0.6434000134,520,-1.279999971,-0.8399999738,-1.49000001,161.066925,51.73400116,,-1.889999986,-1.07,-1.210000038
9,Cote d棚voire,2008,19497986,0,0,1,172255654,43.40000153,0.6137999892,530,-1.24000001,-0.8899999857,-1.450000048,161.2617798,50.9659996,,-1.820000052,-1.09,-1.210000038
9,Cote d棚voire,2009,19936366,0,0,1,129766714,42.59999847,0.5735999942,550,-1.110000014,-0.9499999881,-1.25999999,169.6654358,50.20000076,,-1.279999971,-1.08,-1.080000043
9,Cote d棚voire,2010,20401331,0,0,1,217545844,41.79999924,0.5329999924,570,-1.100000024,-0.9100000262,-1.24000001,168.9186249,49.44300079,,-1.559999943,-1.14,-1.25999999
9,Cote d棚voire,2011,20895311,0,0,1,142573579,41,0.4779999852,600,-1.129999995,-0.8600000143,-1.289999962,163.5248108,48.69499969,,-1.399999976,-1.02,-1.129999995
9,Cote d棚voire,2012,21418603,0,0,1,159996351,40.20000076,0.4377999902,630,-0.8100000024,-0.7599999905,-1.100000024,172.1584167,47.95899963,,-1.25999999,-0.84,-1.080000043
9,Cote d棚voire,2013,21966312,0,0,1,194009129,39.40000153,0.4295000136,640,-0.7799999714,-0.7300000191,-0.9300000072,176.1266632,47.23400116,,-1.019999981,-0.77,-0.9100000262
9,Cote d棚voire,2014,22531350,0,0,1,257869211,38.59999847,0.3932999969,700,-0.5299999714,-0.5799999833,-0.6100000143,187.019928,46.52099991,,-1.019999981,-0.41,-0.8100000024
10,Ethiopia,2004,74624405,0,0,1,223005894,42.70000076,0.03500000015,580,-1.139999986,-0.9599999785,-0.8100000024,24.63846397,84.4960022,,-1.269999981,-0.72,-0.7300000191
10,Ethiopia,2005,76727083,0,0,1,298523273,40.90000153,0.03429999948,650,-1.220000029,-1.100000024,-0.8600000143,27.44202995,84.30000305,,-1.649999976,-0.77,-0.8799999952
10,Ethiopia,2006,78850689,1,2563000,1,483623776,39,0.01999999955,720,-1.159999967,-0.9800000191,-0.6200000048,32.42684174,84.10099792,,-1.700000048,-0.64,-0.6000000238
10,Ethiopia,2007,81000409,1,6700000,1,656166071,37.29999924,0.01539999992,810,-1.169999957,-0.9200000167,-0.6000000238,37.92213058,83.88400269,,-1.75999999,-0.62,-0.4099999964
10,Ethiopia,2008,83184892,1,19838000,1,666786919,35.5,0.00810000021,890,-1.279999971,-0.8500000238,-0.6600000262,38.06682968,83.48999786,,-1.700000048,-0.66,-0.3799999952
10,Ethiopia,2009,85416253,1,19700000,1,663705703,33.90000153,0.004300000146,950,-1.279999971,-0.9200000167,-0.7799999714,41.86599731,83.08999634,,-1.620000005,-0.72,-0.4799999893
10,Ethiopia,2010,87702670,1,31000000,1,856258870,32.5,0.003599999938,1050,-1.309999943,-0.8500000238,-0.75,72.30531311,82.68099976,,-1.610000014,-0.7,-0.4199999869
10,Ethiopia,2011,90046756,1,40918000,1,997347604,31.39999962,0.003000000026,1160,-1.330000043,-0.9900000095,-0.6999999881,76.29493713,82.26499939,,-1.49000001,-0.68,-0.4699999988
10,Ethiopia,2012,92444183,1,43000000,1,894647500,30.39999962,0.003299999982,1250,-1.279999971,-1.039999962,-0.6499999762,72.46903992,81.83999634,,-1.539999962,-0.61,-0.4199999869
10,Ethiopia,2013,94887724,1,43772000,1,1190219650,29.29999924,0.003299999982,1370,-1.289999962,-1.120000005,-0.6100000143,71.30422211,81.41000366,,-1.379999995,-0.51,-0.6100000143
10,Ethiopia,2014,97366774,1,45000000,1,956269234,28.5,0.003100000089,1500,-1.25999999,-1.070000052,-0.4199999869,72.96435547,80.97200012,,-1.320000052,-0.43,-0.4199999869
11,Gabon,2004,1364205,0,0,0,8712970,28.5,0.1745000035,12290,-0.8100000024,-0.4600000083,-0.5099999905,472.2288513,17.15299988,,0.3799999952,-0.76,-0.8000000119
11,Gabon,2005,1403126,0,0,0,8041658,28.20000076,0.1251000017,13610,-0.8700000048,-0.2300000042,-0.4600000083,419.2441101,16.57900047,,0.3100000024,-0.54,-0.8399999738
11,Gabon,2006,1444844,0,0,0,13610828,27.79999924,0.09340000153,12650,-0.9800000191,-0.4300000072,-0.7300000191,425.9563599,16.04800034,,0.1800000072,-0.91,-0.8000000119
11,Gabon,2007,1489193,0,0,0,9573805,27.39999962,0.07299999893,13110,-0.8799999952,-0.5199999809,-0.6999999881,451.5785828,15.55700016,,0.2700000107,-0.99,-0.8000000119
11,Gabon,2008,1536411,0,0,0,7822130,27,0.07249999791,12640,-0.8600000143,-0.6499999762,-0.6299999952,387.2910156,15.10400009,,0.2399999946,-1.02,-0.8199999928
11,Gabon,2009,1586754,0,0,0,12316665,26.39999962,0.09229999781,12720,-1,-0.5899999738,-0.5500000119,509.551178,14.68700027,,0.1199999973,-0.94,-0.7599999905
11,Gabon,2010,1640210,0,0,0,5743299,25.89999962,0.1162,13070,-0.8899999857,-0.5600000024,-0.5099999905,538.2404785,14.30300045,,0.3000000119,-0.78,-0.7799999714
11,Gabon,2011,1697101,0,0,0,7499653,25.29999924,0.1324999928,13710,-0.9300000072,-0.5600000024,-0.4499999881,523.5405273,13.95300007,,0.3899999857,-0.79,-0.8100000024
11,Gabon,2012,1756817,0,0,0,6510136,24.70000076,0.1583999991,14810,-0.8799999952,-0.5899999738,-0.4499999881,556.4607544,13.63300037,,0.3100000024,-0.61,-0.8999999762
11,Gabon,2013,1817271,0,0,0,9806404,24.20000076,0.1931000054,15420,-0.8799999952,-0.6399999857,-0.5400000215,671.0586548,13.34200001,,0.3400000036,-0.61,-0.8299999833
11,Gabon,2014,1875713,0,0,0,9967124,23.79999924,0.2090999931,16650,-0.9200000167,-0.7900000215,-0.5,599.2641602,13.07999992,,0.1700000018,-0.64,-0.6399999857
12,Ghana,2004,20986536,0,0,0,246102267,33.90000153,0.445600003,2080,0.150000006,-0.349999994,-0.150000006,133.9816895,53.36999893,,0.2099999934,-0.22,-0.1599999964
12,Ghana,2005,21542009,0,0,0,241644827,33.59999847,0.4171000123,2230,0.2399999946,-0.1099999994,-0.1400000006,163.5233002,52.69200134,,0.25,-0.36,-0.1599999964
12,Ghana,2006,22113425,1,1478000,0,219505289,33.40000153,0.3950999975,2400,0.3700000048,-0.0700000003,0,112.8228836,52.01200104,,-0.01999999955,0,0.1299999952
12,Ghana,2007,22700212,1,5000000,1,214050062,33.09999847,0.3837000132,2510,0.4600000083,-0.05000000075,-0.009999999776,137.3538208,51.33100128,,0.05999999866,0.07,0.1099999994
12,Ghana,2008,23298640,1,16862000,1,246443765,32.79999924,0.3763999939,2720,0.3799999952,-0.02999999933,-0.1000000015,135.440033,50.64899826,,0.07999999821,-0.04,0.03999999911
12,Ghana,2009,23903831,1,17300000,1,253487394,32.40000153,0.3998999894,2800,0.4900000095,0.09000000358,-0.07999999821,146.7616272,49.96900177,,0.1400000006,0.03,-0.03999999911
12,Ghana,2010,24512104,1,34000000,1,242301905,31.89999962,0.4334999919,2950,0.4900000095,0.1299999952,-0.05999999866,161.1813965,49.28699875,,0.07999999821,0.06,-0.03999999911
12,Ghana,2011,25121796,1,29840000,1,269089002,31.20000076,0.4176999927,3300,0.4600000083,0.1299999952,-0.03999999911,164.9348145,48.60599899,,0.009999999776,0.04,-0.05000000075
12,Ghana,2012,25733049,1,32000000,1,351791178,30.5,0.3662999868,3510,0.4099999964,0.1299999952,-0.01999999955,178.425354,47.93099976,,0,-0.09,-0.03999999911
12,Ghana,2013,26346251,1,28547000,1,323372964,29.70000076,0.3237999976,3830,0.4199999869,0.07999999821,0.1199999973,180.3200836,47.26499939,,-0.05000000075,-0.07,-0.1000000015
12,Ghana,2014,26962563,1,28000000,1,238367264,29,0.282400012,3890,0.4699999988,-0.009999999776,0.01999999955,145.3681335,46.60800171,,-0.150000006,-0.22,-0.2899999917
13,Guinea,2004,9490229,0,0,0,32861855,42.09999847,0.4593000114,950,-1.279999971,-0.9399999976,-1.24000001,32.17432022,67.5719986,,0.009999999776,-0.84,-0.8799999952
13,Guinea,2005,9679745,0,0,0,30706669,40.90000153,0.4442999959,960,-1.139999986,-1.049999952,-1.350000024,30.11027527,67.19300079,,0.1800000072,-1,-1.059999943
13,Guinea,2006,9881428,0,0,0,38715547,39.40000153,0.434799999,980,-1.24000001,-1.210000038,-1.419999957,33.26281357,66.80400085,,0.01999999955,-1.07,-1.320000052
13,Guinea,2007,10096727,0,0,0,28583766,37.70000076,0.421600014,1030,-1.399999976,-1.230000019,-1.470000029,34.52684784,66.40399933,,-0.05999999866,-1.26,-1.25999999
13,Guinea,2008,10323142,0,0,0,38139047,36.40000153,0.4323000014,1040,-1.450000048,-1.200000048,-1.539999962,37.47494507,65.99500275,,-0.01999999955,-1.16,-1.190000057
13,Guinea,2009,10556524,0,0,0,31628683,35.29999924,0.4246999919,1030,-1.299999952,-1.129999995,-1.539999962,43.96902466,65.5739975,,0.03999999911,-1.05,-1.029999971
13,Guinea,2010,10794170,0,0,0,47204622,34.59999847,0.4237000048,1060,-0.9499999881,-1.080000043,-1.5,52.1595459,65.14399719,,0.01999999955,-1.19,-1.129999995
13,Guinea,2011,11035170,1,9980000,0,26876921,33.90000153,0.4336000085,1110,-0.9399999976,-1,-1.470000029,56.00819016,64.70300293,,0.1599999964,-1.11,-1.149999976
13,Guinea,2012,11281469,1,10000000,0,51476794,33.20000076,0.4453999996,1160,-1.059999943,-1.00999999,-1.419999957,65.71973419,64.2519989,,0.1099999994,-1.06,-1.25999999
13,Guinea,2013,11536615,1,12370000,0,32054171,32.59999847,0.4268000126,1180,-1.059999943,-0.9900000095,-1.399999976,67.66004944,63.79100037,,0.02999999933,-1.04,-1.169999957
13,Guinea,2014,11805509,1,12500000,0,164127085,31.79999924,0.4104000032,1180,-0.8899999857,-1.039999962,-1.370000005,68.45821381,63.31999969,,-0.1299999952,-1.07,-1.24000001
14,Kenya,2004,35074931,0,0,1,281970518,29.20000076,0.1569000036,1850,-0.1700000018,-0.2599999905,-0.8600000143,81.34194183,78.69000244,,-1.049999952,-0.8,-0.5299999714
14,Kenya,2005,36048288,0,0,1,296941458,29,0.1089999974,1980,-0.200000003,-0.2300000042,-0.8999999762,88.11569214,78.32499695,,-1.179999948,-0.97,-0.6700000167
14,Kenya,2006,37052050,1,5470000,1,455797487,28.5,0.07829999924,2110,-0.1400000006,-0.1700000018,-0.8899999857,91.49321747,77.95500183,,-1.889999986,-0.88,-0.5899999738
14,Kenya,2007,38085909,1,6050000,1,451322139,28,0.0577000007,2250,-0.2399999946,-0.2300000042,-0.9800000191,94.07296753,77.58000183,,-2.369999886,-0.92,-0.5
14,Kenya,2008,39148416,1,19838000,1,584242124,27.29999924,0.04839999974,2240,-0.2899999917,-0.200000003,-1.019999981,89.54680634,77.19999695,,-2.099999905,-1.03,-0.5799999833
14,Kenya,2009,40237204,1,19700000,1,681234427,26.60000038,0.05350000039,2270,-0.3400000036,-0.1299999952,-1.049999952,97.01443481,76.81700134,,-2.089999914,-1.08,-0.6000000238
14,Kenya,2010,41350152,1,40000000,1,804069889,25.89999962,0.06069999933,2420,-0.2300000042,-0.0700000003,-0.9900000095,98.8352356,76.42900085,,-1.679999948,-0.93,-0.5400000215
14,Kenya,2011,42486839,1,36427000,1,916441542,25.10000038,0.06539999694,2560,-0.2800000012,-0.2099999934,-0.9599999785,137.2062378,76.03299713,,-1.389999986,-0.95,-0.5699999928
14,Kenya,2012,43646629,1,36450000,1,1042708150,24.29999924,0.0876000002,2630,-0.3000000119,-0.2899999917,-0.8600000143,149.2181396,75.62999725,,-1.279999971,-1.1,-0.5199999809
14,Kenya,2013,44826849,1,34257000,1,1200948632,23.60000038,0.1160999984,2750,-0.2399999946,-0.3000000119,-0.75,158.0382385,75.22000122,,-1.220000029,-1.06,-0.4600000083
14,Kenya,2014,46024250,1,35000000,1,1102314867,22.89999962,0.1172999963,2860,-0.1700000018,-0.3100000024,-0.4399999976,168.981781,74.8030014,,-0.9399999976,-0.94,-0.3199999928
15,Liberia,2004,3176414,0,0,1,16947988,36.20000076,0.5031999946,330,-1.309999943,-1.879999995,-1.710000038,33.39454651,54.29399872,,-1.070000052,-1.27,-1.590000033
15,Liberia,2005,3261230,0,0,1,20142039,34.5,0.46419999,380,-0.3799999952,-1.629999995,-1.49000001,33.65925217,53.94900131,,-1.269999981,-1.15,-1.460000038
15,Liberia,2006,3375838,0,0,1,22668341,32.90000153,0.4268999994,430,-0.2300000042,-1.480000019,-1,49.92388916,53.60400009,,-1.120000005,-0.64,-1.320000052
15,Liberia,2007,3512932,1,2500000,1,21675594,31.29999924,0.397300005,490,-0.200000003,-1.200000048,-1.00999999,53.48293686,53.25799942,,-1.269999981,-0.33,-1.25
15,Liberia,2008,3662993,1,12399000,1,46592682,29.89999962,0.3621000051,530,-0.25,-1.340000033,-1.179999948,66.7845459,52.91199875,,-1.379999995,-0.7,-1.309999943
15,Liberia,2009,3811528,1,11800000,1,81783797,28.60000038,0.3323000073,580,-0.200000003,-1.190000057,-1.080000043,89.53313446,52.55899811,,-1.429999948,-0.56,-1.24000001
15,Liberia,2010,3948125,1,18000000,1,84944799,27.60000038,0.2921999991,590,-0.2599999905,-1.049999952,-1.00999999,80.05560303,52.19900131,,-1.169999957,-0.53,-1.269999981
15,Liberia,2011,4070167,1,13273000,1,96167908,26.79999924,0.2865999937,680,-0.3100000024,-1.090000033,-0.9700000286,81.88426971,51.83200073,,-1.24000001,-0.62,-1.24000001
15,Liberia,2012,4181563,1,12000000,1,114888117,26,0.3104999959,670,-0.349999994,-1.039999962,-0.9100000262,81.13406372,51.45899963,,-1.320000052,-0.58,-1.149999976
15,Liberia,2013,4286291,1,12372000,1,98704232,25.29999924,0.3612999916,720,-0.4300000072,-0.8999999762,-0.9100000262,83.65994263,51.07899857,,-1.149999976,-0.68,-1.360000014
15,Liberia,2014,4390737,1,12000000,1,170043882,24.70000076,0.3194000125,710,-0.3100000024,-0.8500000238,-0.8500000238,98.28588867,50.69200134,,-1.289999962,-0.78,-1.340000033
16,Madagascar,2004,17802997,0,0,0,90990056,27.39999962,0.2081999928,1160,-0.009999999776,-0.3199999928,-0.200000003,57.81357574,71.78900146,,-1.409999967,-0.12,-0.4799999893
16,Madagascar,2005,18336724,0,0,0,103707627,26.39999962,0.1888999939,1220,-0.1400000006,-0.2399999946,-0.3199999928,62.38910675,71.18599701,,-1.360000014,0.1,-0.3700000048
16,Madagascar,2006,18880268,1,2169000,0,70251622,25.5,0.1701000035,1280,-0.1199999973,-0.1700000018,-0.4300000072,66.68191528,70.57499695,,-1.309999943,-0.1,-0.5299999714
16,Madagascar,2007,19433523,1,5000000,0,88728203,24.60000038,0.1435000002,1370,-0.150000006,-0.200000003,-0.3700000048,68.91424561,69.95700073,,-1.25,-0.08,-0.4499999881
16,Madagascar,2008,19996469,1,16862000,0,81126366,23.70000076,0.1042999998,1460,-0.3400000036,-0.3100000024,-0.4499999881,66.00689697,69.33000183,,-1.279999971,-0.16,-0.6399999857
16,Madagascar,2009,20569121,1,16700000,0,62946661,22.89999962,0.07599999756,1360,-0.8600000143,-0.5,-0.7300000191,64.89128113,68.70200348,,-1.080000043,-0.19,-0.7799999714
16,Madagascar,2010,21151640,1,33900000,0,122733420,22.29999924,0.05810000002,1340,-0.8299999833,-0.5600000024,-0.8500000238,66.26698303,68.07099915,,-0.4600000083,-0.28,-0.9499999881
16,Madagascar,2011,21743949,1,28742000,0,70162226,21.70000076,0.04369999841,1350,-0.8600000143,-0.5199999809,-0.8600000143,58.09751892,67.43800354,,-0.4199999869,-0.32,-1.019999981
16,Madagascar,2012,22346573,1,27000000,0,73139963,21.10000038,0.04529999942,1350,-0.8700000048,-0.5600000024,-0.8899999857,48.34825134,66.80400085,,-0.4799999893,-0.56,-1.080000043
16,Madagascar,2013,22961146,1,26026000,0,114698362,20.5,0.05480000004,1370,-0.7799999714,-0.6499999762,-0.9100000262,58.64733887,66.16799927,,-0.4600000083,-0.68,-1.120000005
16,Madagascar,2014,23589801,1,26000000,0,99524115,20.10000038,0.04850000143,1400,-0.5299999714,-0.6899999976,-0.7400000095,43.70476913,65.53199768,,-0.6000000238,-0.8,-1.289999962
17,Malawi,2004,12676038,0,0,0,139145769,28.60000038,0.2858999968,710,-0.5,-0.5199999809,-0.1199999973,41.59276581,85.03600311,,0.200000003,-0.76,-0.7200000286
17,Malawi,2005,13039711,0,0,0,151222183,27.70000076,0.2605000138,740,-0.4799999893,-0.4699999988,-0.1199999973,45.09145355,84.94599915,,-0.05000000075,-0.73,-0.8000000119
17,Malawi,2006,13429262,1,2045000,1,212000631,27,0.280400008,780,-0.2599999905,-0.5,-0.25,50.56483841,84.85600281,,0.1299999952,-0.54,-0.8100000024
17,Malawi,2007,13840969,1,18500000,1,264304504,26.70000076,0.3052999973,850,-0.2700000107,-0.4499999881,-0.1800000072,57.17483139,84.76499939,,0.01999999955,-0.53,-0.5600000024
17,Malawi,2008,14271234,1,17854000,1,317057192,26.5,0.3501000106,910,-0.25,-0.4799999893,-0.1299999952,70.43157196,84.6740036,,-0.4900000095,-0.43,-0.5400000215
17,Malawi,2009,14714602,1,17700000,1,286831815,26.20000076,0.3955000043,960,-0.1599999964,-0.4399999976,-0.1199999973,71.43527222,84.57299805,,-0.75,-0.38,-0.4699999988
17,Malawi,2010,15167095,1,27000000,1,240064405,25.70000076,0.356099993,1000,-0.2099999934,-0.5699999928,-0.1400000006,73.76398468,84.45999908,,-1.039999962,-0.46,-0.4199999869
17,Malawi,2011,15627618,1,26447000,1,375894122,24.89999962,0.298299998,1040,-0.2599999905,-0.6999999881,-0.1700000018,88.54359436,84.33699799,,-0.7599999905,-0.37,-0.4399999976
17,Malawi,2012,16097305,1,24600000,1,451726377,24,0.2245000005,1040,-0.2199999988,-0.6999999881,-0.2300000042,91.98897552,84.20200348,,-0.5799999833,-0.44,-0.4799999893
17,Malawi,2013,16577147,1,24075000,1,470663654,23.20000076,0.1546999961,1070,-0.1899999976,-0.6800000072,-0.1800000072,86.60256958,84.05599976,,-0.6999999881,-0.62,-0.4799999893
17,Malawi,2014,17068838,1,22000000,1,430291024,22.39999962,0.1481000036,1120,-0.0700000003,-0.7799999714,-0.3000000119,93.48208618,83.89800262,,-0.5699999928,-0.76,-0.6399999857
18,Mali,2004,12391906,0,0,0,68176719,49.20000076,0.4842000008,1420,0.2899999917,-0.4600000083,-0.1700000018,74.09065247,68.69999695,,0.09000000358,-0.5,-0.6200000048
18,Mali,2005,12798763,0,0,0,98992079,47.70000076,0.4959000051,1520,0.25,-0.5099999905,-0.1400000006,80.18927765,67.94000244,,0.07999999821,-0.4,-0.6899999976
18,Mali,2006,13227064,1,2490000,0,100971572,46.40000153,0.4377000034,1580,0.2700000107,-0.4399999976,-0.2700000107,86.89983368,67.16799927,,0.1099999994,-0.41,-0.6899999976
18,Mali,2007,13675606,1,4500000,0,108628879,45.09999847,0.3887000084,1640,0.1899999976,-0.3400000036,-0.1700000018,95.73532104,66.38800049,,0.05999999866,-0.34,-0.7300000191
18,Mali,2008,14138216,1,14879000,0,135859056,43.90000153,0.3273000121,1700,0.1599999964,-0.3899999857,-0.3199999928,95.78012085,65.59700012,,-0.05999999866,-0.45,-0.7599999905
18,Mali,2009,14606597,1,15400000,0,133946310,43,0.3007999957,1730,0.03999999911,-0.3899999857,-0.349999994,99.20487976,64.80000305,,0.05000000075,-0.64,-0.7900000215
18,Mali,2010,15075085,1,28000000,0,190895606,42.09999847,0.3203999996,1760,0.1299999952,-0.4799999893,-0.4399999976,95.47476959,64.0039978,,0.05000000075,-0.65,-0.8399999738
18,Mali,2011,15540989,1,26946000,0,190503213,41.09999847,0.33919999,1810,0.150000006,-0.3799999952,-0.5,102.3931885,63.21099854,,-0.0700000003,-0.57,-0.7900000215
18,Mali,2012,16006670,1,27000000,0,176089959,40.20000076,0.4040000141,1760,-0.5299999714,-0.4099999964,-0.6800000072,101.1760025,62.42100143,,0,-0.79,-0.9800000191
18,Mali,2013,16477818,1,25007000,0,202616969,39.40000153,0.4388000071,1790,-0.3100000024,-0.4900000095,-0.75,99.17749023,61.63700104,,-0.2099999934,-0.74,-0.8799999952
18,Mali,2014,16962846,1,25000000,0,196643308,38.59999847,0.4280999899,1910,-0.200000003,-0.5899999738,-0.6499999762,108.0998993,60.85699844,,0.05999999866,-0.72,-1.080000043
19,Mozambique,2004,20312705,0,0,1,255976158,36.59999847,0.4713000059,580,-0.05999999866,-0.4699999988,-0.6499999762,37.17365646,70.18199921,,0.4799999893,-0.59,-0.5099999905
19,Mozambique,2005,20923070,0,0,1,257321950,35.20000076,0.423299998,630,0,-0.6499999762,-0.6100000143,47.04905319,70.00099945,,0.1899999976,-0.54,-0.5199999809
19,Mozambique,2006,21547463,1,6259000,1,282882460,34.09999847,0.4129000008,670,-0.07999999821,-0.5500000119,-0.6000000238,47.51974869,69.81800079,,0.3700000048,-0.61,-0.5699999928
19,Mozambique,2007,22188387,1,18000000,1,377265177,33.09999847,0.3671999872,730,-0.07999999821,-0.5400000215,-0.6000000238,40.95295715,69.63600159,,0.200000003,-0.5,-0.4900000095
19,Mozambique,2008,22846758,1,19838000,1,509405394,32.29999924,0.3424000144,780,-0.0700000003,-0.4499999881,-0.6100000143,40.37459564,69.45200348,,0.1700000018,-0.47,-0.5
19,Mozambique,2009,23524063,1,19700000,1,466690259,31.39999962,0.3567999899,840,-0.1099999994,-0.3899999857,-0.5899999738,46.41986084,69.25499725,,-0.07999999821,-0.42,-0.5400000215
19,Mozambique,2010,24221405,1,38000000,1,510520679,30.60000038,0.355399996,870,-0.1099999994,-0.3899999857,-0.4699999988,48.28691101,69.04499817,,-0.2099999934,-0.43,-0.5699999928
19,Mozambique,2011,24939005,1,29241000,1,565955226,29.79999924,0.3409000039,940,-0.1899999976,-0.4199999869,-0.5699999928,59.6415863,68.82099915,,-0.6800000072,-0.49,-0.6200000048
19,Mozambique,2012,25676606,1,30000000,1,577245174,29.10000038,0.3625999987,1010,-0.1899999976,-0.4499999881,-0.5899999738,56.55687332,68.58300018,,-2.019999981,-0.57,-0.6299999952
19,Mozambique,2013,26434372,1,29023000,1,656368376,28.39999962,0.3237000108,1070,-0.2700000107,-0.400000006,-0.8399999738,63.30543518,68.33100128,,-1.700000048,-0.62,-0.6100000143
19,Mozambique,2014,27212382,1,29000000,1,835536413,27.79999924,0.285100013,1120,-0.2399999946,-0.400000006,-0.8299999833,79.32069397,68.06600189,,-1.700000048,-0.7,-0.7300000191
20,Namibia,2004,2009228,0,0,1,40157705,37.90000153,0.08600000292,6260,0.3199999928,0.1599999964,0,401.1726685,64.33399963,,-0.02999999933,0.12,0.1000000015
20,Namibia,2005,2032196,0,0,1,44866653,36.59999847,0.08820000291,6360,0.3700000048,0.1199999973,-0.0700000003,474.3516541,63.36800003,,0.1099999994,0.18,0.03999999911
20,Namibia,2006,2055734,0,0,1,92070683,35.40000153,0.08669999987,7010,0.4699999988,0.1199999973,0.1099999994,508.2234802,62.38999939,,0.4900000095,0.15,0.09000000358
20,Namibia,2007,2079915,0,0,1,112572775,34.20000076,0.06710000336,7490,0.4399999976,-0.02999999933,0.09000000358,532.7704468,61.40200043,,0.3000000119,0.24,0.1000000015
20,Namibia,2008,2106375,0,0,1,111732234,33,0.05640000105,7760,0.4399999976,0.1700000018,0.3700000048,559.7858276,60.40299988,,0.3400000036,0.57,0.200000003
20,Namibia,2009,2137040,0,0,1,171820722,31.89999962,0.0458999984,7710,0.3700000048,0.1000000015,0.2199999988,627.9584351,59.39899826,,0.5899999738,0.25,0.1299999952
20,Namibia,2010,2173170,0,0,1,176314700,30.79999924,0.03539999947,7970,0.349999994,0.07999999821,0.1800000072,647.7941284,58.38399887,,0.3400000036,0.3,0.07999999821
20,Namibia,2011,2215621,0,0,1,131328439,29.79999924,0.03610000014,8490,0.3400000036,0.03999999911,0.1599999964,757.4827271,57.36299896,,0.2899999917,0.28,0.0700000003
20,Namibia,2012,2263934,0,0,1,163823959,28.89999962,0.04060000181,8770,0.3799999952,0.07999999821,0.25,743.4863892,56.33399963,,0.3400000036,0.3,0.1400000006
20,Namibia,2013,2316520,0,0,1,133142543,28.10000038,0.04439999908,9520,0.3899999857,0.09000000358,0.2599999905,802.1803589,55.32099915,,-0.2800000012,0.29,0.1899999976
20,Namibia,2014,2370992,0,0,1,120157267,27.29999924,0.04430000111,10120,0.5400000215,-0.009999999776,0.1400000006,869.2953491,54.3219986,,-0.3700000048,0.23,0.1199999973
21,Niger,2004,13127012,0,0,0,48512490,43.79999924,0.2515000105,650,-0.1800000072,-0.5799999833,-0.7300000191,41.39706039,83.41000366,,0.6499999762,-0.85,-0.6899999976
21,Niger,2005,13618449,0,0,0,48492323,42.70000076,0.2671000063,680,-0.3000000119,-0.4199999869,-0.8000000119,48.52627182,83.27999878,,0.6000000238,-0.72,-0.7900000215
21,Niger,2006,14132064,0,0,0,83023655,41.59999847,0.2110999972,710,-0.3799999952,-0.4900000095,-0.6399999857,53.30343628,83.13700104,,0.7799999714,-0.86,-0.7900000215
21,Niger,2007,14668338,0,0,0,69935033,40.70000076,0.2240000069,730,-0.4300000072,-0.5,-0.6499999762,50.93756866,82.98200226,,1.019999981,-0.77,-0.7900000215
21,Niger,2008,15228525,0,0,0,109507799,39.79999924,0.2515999973,780,-0.5,-0.4199999869,-0.7300000191,53.47624969,82.81500244,,1.179999948,-0.75,-0.7200000286
21,Niger,2009,15813913,0,0,0,84836195,39,0.2779999971,750,-0.7799999714,-0.4799999893,-0.5199999809,53.1741333,82.63400269,,0.8999999762,-0.61,-0.6600000262
21,Niger,2010,16425578,0,0,0,67474273,38.20000076,0.2930000126,790,-0.6700000167,-0.5099999905,-0.5199999809,51.15060806,82.44100189,,0.8000000119,-0.67,-0.6700000167
21,Niger,2011,17064636,0,0,0,86620319,37.40000153,0.2772000134,800,-0.2899999917,-0.5199999809,-0.3899999857,53.78403854,82.23400116,,0.8899999857,-0.59,-0.6299999952
21,Niger,2012,17731634,0,0,0,51741690,36.5,0.247299999,860,-0.3300000131,-0.6000000238,-0.6800000072,51.95151138,82.01399994,,0.9399999976,-0.62,-0.6899999976
21,Niger,2013,18426372,0,0,0,91422672,35.79999924,0.1999000013,880,-0.349999994,-0.5600000024,-0.6999999881,44.69509506,81.77999878,,0.9300000072,-0.56,-0.7300000191
21,Niger,2014,19148219,0,0,0,122917641,35,0.1996999979,930,-0.2399999946,-0.7099999785,-0.6899999976,53.53040314,81.53099823,,0.5899999738,-0.63,-0.6999999881
22,Nigeria,2004,135393616,0,0,1,309807031,33.40000153,0.4325000048,3150,-0.7699999809,-1.320000052,-1.429999948,245.929718,61.7879982,,-0.5199999809,-1.3,-0.9100000262
22,Nigeria,2005,138939478,0,0,1,390089492,31.20000076,0.4313000143,3250,-0.8399999738,-0.7699999809,-1.360000014,242.760025,60.92599869,,-0.4799999893,-1.16,-0.8799999952
22,Nigeria,2006,142614094,0,0,1,530179904,29.5,0.4260999858,3890,-0.6399999857,-0.8899999857,-1.080000043,234.8921661,60.05699921,,-0.2300000042,-1.07,-0.9599999785
22,Nigeria,2007,146417024,0,0,1,536404394,28,0.4172999859,3980,-0.7900000215,-0.8700000048,-1.059999943,306.9382935,59.18099976,,-0.4600000083,-0.98,-1.039999962
22,Nigeria,2008,150347390,0,0,1,825153032,26.70000076,0.4065000117,4200,-0.7599999905,-0.7799999714,-1.059999943,289.4534302,58.29800034,,-0.6700000167,-0.81,-0.9700000286
22,Nigeria,2009,154402181,0,0,1,1092909972,25.5,0.3556999862,4340,-0.8700000048,-0.7300000191,-1.159999967,321.6489868,57.41199875,,-1.159999967,-0.98,-1.200000048
22,Nigeria,2010,158578261,1,18000000,1,898868951,24.29999924,0.3253000081,4780,-0.8000000119,-0.7099999785,-1.169999957,174.1921387,56.52000046,,-1.169999957,-1,-1.149999976
22,Nigeria,2011,162877076,1,43588000,1,944551914,22.89999962,0.3064999878,4970,-0.75,-0.6700000167,-1.220000029,192.8527374,55.63800049,,-0.8700000048,-1.13,-1.080000043
22,Nigeria,2012,167297284,1,60100000,1,1075802123,21.60000038,0.3021000028,5180,-0.7300000191,-0.7099999785,-1.179999948,178.3101501,54.76599884,,-1.159999967,-1.15,-0.9900000095
22,Nigeria,2013,171829303,1,73271000,1,1384701143,20.39999962,0.3098999858,5390,-0.7300000191,-0.6600000262,-1.149999976,208.4640045,53.90599823,,-1.320000052,-1.21,-0.9900000095
22,Nigeria,2014,176460502,1,75000000,1,1131688350,19.5,0.3036000133,5770,-0.6499999762,-0.8100000024,-1.090000033,216.87117,53.05799866,,-1.179999948,-1.27,-1.179999948
23,Rwanda,2004,8818438,0,0,1,114245887,34,0.065200001,820,-1.309999943,-0.6600000262,-0.8100000024,52.37413788,81.5739975,,-1.720000029,-0.48,-0.5600000024
23,Rwanda,2005,8991735,0,0,1,132213064,32.5,0.04679999873,910,-1.159999967,-0.9300000072,-0.9100000262,61.9897995,80.71800232,,-1.649999976,-0.74,-0.8899999857
23,Rwanda,2006,9206580,1,1479000,1,177193413,31,0.03449999914,1000,-1.169999957,-0.6600000262,-0.6700000167,99.83161926,79.83200073,,-2.029999971,-0.21,-0.3000000119
23,Rwanda,2007,9447402,1,20000000,1,181033763,29.60000038,0.02820000052,1090,-1.200000048,-0.6399999857,-0.5799999833,91.02453613,78.91500092,,-2.00999999,0.02,-0.200000003
23,Rwanda,2008,9708169,1,16862000,1,299147038,28.10000038,0.0251000002,1190,-1.289999962,-0.5,-0.4799999893,90.51417542,77.96700287,,-1.860000014,0.15,-0.1299999952
23,Rwanda,2009,9977446,1,16300000,1,312060391,26.79999924,0.02380000055,1250,-1.279999971,-0.3100000024,-0.4900000095,88.6211853,77.01200104,,-1.950000048,0.14,-0.1700000018
23,Rwanda,2010,10246842,1,18000000,1,372336996,25.5,0.02290000021,1320,-1.309999943,-0.1800000072,-0.3000000119,102.9626694,76.04799652,,-2.190000057,0.46,-0.05000000075
23,Rwanda,2011,10516071,1,18962000,1,416591947,24.29999924,0.02270000055,1410,-1.309999943,-0.1299999952,-0.3100000024,107.7279892,75.07800293,,-1.940000057,0.43,0.0700000003
23,Rwanda,2012,10788853,1,18100000,1,380186181,23.20000076,0.02360000089,1520,-1.25999999,-0.07999999821,-0.2599999905,115.9307709,74.10600281,,-2.059999943,0.67,-0.03999999911
23,Rwanda,2013,11065151,1,18003000,1,325261716,22.20000076,0.02639999986,1560,-1.200000048,0.01999999955,-0.1400000006,120.4392166,73.1309967,,-2.079999924,0.66,0.01999999955
23,Rwanda,2014,11345357,1,17500000,1,378337817,21.5,0.02630000003,1660,-1.100000024,0.2399999946,0.07999999821,125.0654297,72.15899658,,-2.130000114,0.83,-0.009999999776
24,Senegal,2004,10955944,0,0,0,141285782,47.5,0.1309999973,1750,0.1800000072,-0.2599999905,-0.01999999955,100.4026184,59.05699921,,-1.169999957,-0.05,-0.1800000072
24,Senegal,2005,11251266,0,0,0,137608864,46.70000076,0.09409999847,1840,0.02999999933,-0.2599999905,-0.01999999955,100.4070892,58.88100052,,-0.9700000286,-0.03,-0.25
24,Senegal,2006,11556763,1,2168000,0,160095809,45.70000076,0.07490000129,1910,0.009999999776,-0.3199999928,-0.2399999946,104.9195557,58.68899918,,-0.6800000072,-0.42,-0.3199999928
24,Senegal,2007,11873557,1,16700000,0,76886106,44.59999847,0.06179999933,2000,-0.2399999946,-0.3400000036,-0.25,95.41717529,58.48199844,,-0.3100000024,-0.54,-0.4600000083
24,Senegal,2008,12203957,1,15870000,0,109237367,43.29999924,0.0604000017,2070,-0.2800000012,-0.3000000119,-0.2899999917,102.5632019,58.25999832,,-0.3000000119,-0.53,-0.1299999952
24,Senegal,2009,12550917,1,15700000,0,134050127,42,0.06109999865,2060,-0.3300000131,-0.2899999917,-0.3700000048,100.2257385,58.02299881,,-0.4699999988,-0.53,-0.5
24,Senegal,2010,12916229,1,27000000,0,110340302,40.70000076,0.0577000007,2110,-0.3199999928,-0.2700000107,-0.400000006,98.73971558,57.77000046,,-0.200000003,-0.69,-0.5600000024
24,Senegal,2011,13300910,1,24451000,0,138152253,39.40000153,0.04830000177,2110,-0.2599999905,-0.2099999934,-0.4799999893,95.36192322,57.50299835,,-0.1400000006,-0.53,-0.4699999988
24,Senegal,2012,13703513,1,24500000,0,170366292,38.20000076,0.0390000008,2180,-0.02999999933,-0.07999999821,-0.3100000024,95.01243591,57.21900177,,-0.200000003,-0.28,-0.4600000083
24,Senegal,2013,14120320,1,24123000,0,157410753,37,0.03390000015,2220,0.02999999933,-0.05000000075,-0.2700000107,101.1809235,56.92100143,,-0.07999999821,-0.25,-0.4099999964
24,Senegal,2014,14546111,1,24000000,0,186867260,35.79999924,0.03240000084,2280,0.2700000107,-0.2099999934,-0.1099999994,106.9355011,56.60699844,,-0.2700000107,0.02,-0.3899999857
25,Sierra Leon,2004,5439695,0,0,0,26966221,33.59999847,0.5049999952,270,-0.3199999928,-1.019999981,-1.169999957,117.4265366,63.40399933,,-0.01999999955,-0.88,-1.100000024
25,Sierra Leon,2005,5658379,0,0,0,38631332,33.20000076,0.497299999,280,-0.5199999809,-1.080000043,-1.179999948,127.5304108,63.15999985,,-0.2199999988,-1.09,-1.360000014
25,Sierra Leon,2006,5848692,0,0,0,38555475,32.90000153,0.4440000057,300,-0.3799999952,-1.139999986,-1.019999981,116.9760666,62.90399933,,-0.2800000012,-1.01,-1.139999986
25,Sierra Leon,2007,6015417,0,0,0,42729921,32.79999924,0.445600003,360,-0.25,-1.070000052,-1.019999981,119.5764236,62.63600159,,-0.25,-0.9,-1.179999948
25,Sierra Leon,2008,6165372,0,0,0,55869485,32.59999847,0.4902999997,420,-0.1700000018,-0.9700000286,-0.9599999785,127.6397324,62.35499954,,-0.150000006,-0.96,-1.179999948
25,Sierra Leon,2009,6310260,0,0,0,51388887,32.40000153,0.5033000112,440,-0.2599999905,-0.7799999714,-0.9200000167,165.5912933,62.06299973,,-0.200000003,-0.94,-1.210000038
25,Sierra Leon,2010,6458720,0,0,0,68237459,32.20000076,0.5282999873,420,-0.1800000072,-0.7300000191,-0.9599999785,135.6428986,61.75899887,,-0.4300000072,-0.77,-1.210000038
25,Sierra Leon,2011,6611692,0,0,0,75779309,31.79999924,0.502399981,420,-0.2300000042,-0.6999999881,-0.8799999952,166.5349121,61.44300079,,-0.3000000119,-0.83,-1.190000057
25,Sierra Leon,2012,6766103,0,0,0,73662348,31.39999962,0.4713000059,530,-0.349999994,-0.6899999976,-0.8600000143,179.0226288,61.11500168,,-0.1199999973,-0.95,-1.210000038
25,Sierra Leon,2013,6922079,0,0,0,58008176,30.89999962,0.4174000025,650,-0.3700000048,-0.6999999881,-0.8700000048,220.1102142,60.77399826,,-0.05999999866,-0.9,-1.200000048
25,Sierra Leon,2014,7079162,0,0,0,126826450,30.39999962,0.3768000007,690,-0.3100000024,-0.7900000215,-0.9300000072,223.7444458,60.42200089,,-0.1899999976,-0.95,-1.220000029
26,Swaziland,2004,1095053,0,0,0,6747389,18.29999924,0.00009999999747,2020,-1.409999967,-0.6600000262,-0.8299999833,280.8053589,77.83399963,,-0.4399999976,-0.58,-1.049999952
26,Swaziland,2005,1105873,0,0,0,30851111,17.79999924,0.00009999999747,2870,-1.419999957,-0.5699999928,-0.8700000048,340.0693359,77.96199799,,-0.4300000072,-0.48,-1.090000033
26,Swaziland,2006,1120514,0,0,0,19278254,17.39999962,0.00009999999747,3050,-1.169999957,-0.5299999714,-0.6700000167,358.5032043,78.08999634,,-0.2599999905,-0.24,-0.8199999928
26,Swaziland,2007,1138434,0,0,1,27178226,17.10000038,0.00009999999747,3190,-1.279999971,-0.6600000262,-0.7599999905,388.3610229,78.21700287,,-0.01999999955,-0.22,-0.8299999833
26,Swaziland,2008,1158897,0,0,1,28797568,16.89999962,0.00009999999747,3050,-1.24000001,-0.5799999833,-0.6299999952,463.5237427,78.33000183,,-0.2099999934,-0.17,-0.75
26,Swaziland,2009,1180675,0,0,1,46284737,16.79999924,0.00009999999747,2980,-1.200000048,-0.5500000119,-0.6100000143,480.1695251,78.4260025,,-0.3000000119,-0.19,-0.75
26,Swaziland,2010,1202843,0,0,1,80735102,16.60000038,0.0001999999949,3070,-1.25,-0.6000000238,-0.4900000095,486.4472961,78.50800323,,-0.2399999946,-0.17,-0.5199999809
26,Swaziland,2011,1225258,0,0,1,100128647,16.29999924,0.0001999999949,3400,-1.230000019,-0.6299999952,-0.4499999881,503.4463806,78.57499695,,-0.1700000018,-0.29,-0.6700000167
26,Swaziland,2012,1248158,0,0,1,62609940,15.69999981,0.0001999999949,3700,-1.200000048,-0.5500000119,-0.4499999881,526.6362305,78.62599945,,-0.2800000012,-0.36,-0.5199999809
26,Swaziland,2013,1271456,0,0,1,74088867,15.10000038,0.0001999999949,3670,-1.190000057,-0.349999994,-0.4099999964,597.9450684,78.66300201,,-0.1700000018,-0.34,-0.4399999976
26,Swaziland,2014,1295097,0,0,1,67753904,14.60000038,0.0001999999949,3570,-1.24000001,-0.4499999881,-0.2700000107,586.822876,78.68499756,,-0.1299999952,-0.36,-0.5400000215
27,Tanzania,2004,38249984,0,0,1,291868842,27.29999924,0.232099995,1470,-0.4699999988,-0.4399999976,-0.3600000143,76.66327667,75.77700043,,0.01999999955,-0.58,-0.4199999869
27,Tanzania,2005,39410545,1,2000000,1,356770524,26.20000076,0.2048999965,1590,-0.2899999917,-0.4499999881,-0.2599999905,79.04290009,75.15499878,,-0.3700000048,-0.65,-0.3899999857
27,Tanzania,2006,40634948,1,11500000,1,449128440,25.20000076,0.1772000045,1690,-0.200000003,-0.3700000048,-0.4499999881,112.2795868,74.52200317,,-0.2899999917,-0.22,-0.3400000036
27,Tanzania,2007,41923715,1,31000000,1,491195543,24.10000038,0.1529999971,1810,-0.1400000006,-0.400000006,-0.3600000143,84.67845917,73.8789978,,0.03999999911,-0.35,-0.3799999952
27,Tanzania,2008,43270144,1,33725000,1,734639976,23.20000076,0.123499997,1890,-0.1700000018,-0.5,-0.3400000036,78.9037323,73.22399902,,-0.07999999821,-0.42,-0.4799999893
27,Tanzania,2009,44664231,1,35000000,1,676522944,22.29999924,0.1177000031,1940,-0.1599999964,-0.4199999869,-0.4799999893,76.53252411,72.56099701,,0.009999999776,-0.44,-0.5899999738
27,Tanzania,2010,46098591,1,52000000,1,885530918,21.5,0.1063999981,2030,-0.1299999952,-0.4099999964,-0.4900000095,106.3943634,71.88600159,,-0.05000000075,-0.54,-0.5799999833
27,Tanzania,2011,47570902,1,46906000,1,894770821,20.89999962,0.07840000093,2170,-0.1400000006,-0.400000006,-0.5400000215,122.5440826,71.20200348,,-0.4900000095,-0.62,-0.6299999952
27,Tanzania,2012,49082997,1,49000000,1,910111594,20.29999924,0.0746999979,2240,-0.1800000072,-0.3899999857,-0.5500000119,127.111908,70.50700378,,-0.4199999869,-0.8,-0.6800000072
27,Tanzania,2013,50636595,1,46057000,1,1076441431,19.79999924,0.07180000097,2370,-0.2099999934,-0.3199999928,-0.5,130.5075073,69.80400085,,-0.4399999976,-0.81,-0.6999999881
27,Tanzania,2014,52234869,1,46000000,1,1094008393,19.29999924,0.06120000035,2500,-0.1899999976,-0.3199999928,-0.4099999964,137.4930725,69.09899902,,-0.4799999893,-0.79,-0.6499999762
28,The Gambia,2004,1398573,0,0,0,20687434,38.40000153,0.09160000086,1320,-0.6000000238,-0.4199999869,-0.3000000119,60.59106064,48.52099991,,-0.6499999762,-0.59,-0.5
28,The Gambia,2005,1444204,0,0,0,26754663,37.29999924,0.0672999993,1300,-0.9700000286,-0.5099999905,-0.2800000012,68.45601654,47.65800095,,-0.5699999928,-0.71,-0.6700000167
28,The Gambia,2006,1491021,0,0,0,13726987,36.20000076,0.05409999937,1310,-0.8799999952,-0.3799999952,-0.3000000119,76.8223114,46.81800079,,-0.3300000131,-0.74,-0.6899999976
28,The Gambia,2007,1539116,0,0,0,17036847,35.29999924,0.04439999908,1350,-0.8799999952,-0.349999994,-0.2399999946,82.56018829,46.00299835,,-0.349999994,-0.75,-0.5699999928
28,The Gambia,2008,1588572,0,0,0,17179226,34.59999847,0.04069999978,1440,-0.8500000238,-0.3799999952,-0.349999994,88.9392395,45.21099854,,-0.2099999934,-0.75,-0.7200000286
28,The Gambia,2009,1639560,0,0,0,20192137,33.90000153,0.02500000037,1540,-1.00999999,-0.3199999928,-0.4399999976,90.87099457,44.44499969,,0.0700000003,-0.56,-0.6299999952
28,The Gambia,2010,1692149,0,0,0,33210160,33.20000076,0.02129999921,1610,-1.090000033,-0.3799999952,-0.5099999905,93.24221039,43.70299911,,-0.01999999955,-0.56,-0.6600000262
28,The Gambia,2011,1746363,0,0,0,37569796,32.70000076,0.02019999921,1510,-1.220000029,-0.2700000107,-0.5099999905,95.64772034,42.98600006,,-0.05000000075,-0.5,-0.6100000143
28,The Gambia,2012,1802125,0,0,0,40056035,32.09999847,0.01510000043,1570,-1.279999971,-0.2099999934,-0.5400000215,97.87944031,42.29399872,,0.01999999955,-0.63,-0.5
28,The Gambia,2013,1859324,0,0,0,50428577,31.39999962,0.0131000001,1610,-1.24000001,-0.349999994,-0.6000000238,106.8266068,41.6269989,,-0.1700000018,-0.69,-0.6999999881
28,The Gambia,2014,1917852,0,0,0,37072294,30.70000076,0.01169999968,1590,-1.25999999,-0.4399999976,-0.6299999952,118.428009,40.98500061,,-0.5699999928,-0.68,-0.6399999857
29,Togo,2004,5534598,0,0,0,17559474,33.40000153,0.5537999868,1020,-1.269999981,-0.7799999714,-1.129999995,53.26115799,65.27600098,,-0.3300000131,-0.93,-1.600000024
29,Togo,2005,5683268,0,0,0,21651068,32.70000076,0.5651000142,1030,-1.279999971,-0.8399999738,-1.090000033,55.31332779,64.81500244,,-1.460000038,-0.79,-1.5
29,Togo,2006,5837792,0,0,0,18113315,32,0.570900023,1080,-1.279999971,-0.8899999857,-0.9700000286,62.06528473,64.35099792,,-0.5500000119,-1.05,-1.559999943
29,Togo,2007,5997385,0,0,0,27691847,31.20000076,0.5742999911,1110,-1.159999967,-0.9399999976,-0.9499999881,63.27575684,63.88399887,,-0.3600000143,-1,-1.549999952
29,Togo,2008,6161796,0,0,0,34094892,30.39999962,0.5662000179,1010,-1.080000043,-0.9599999785,-0.8399999738,66.32010651,63.4129982,,-0.1800000072,-0.98,-1.50999999
29,Togo,2009,6330472,0,0,0,38580999,29.79999924,0.5467000008,1020,-1.039999962,-0.8600000143,-0.8799999952,78.03614807,62.94200134,,-0.1899999976,-1.03,-1.389999986
29,Togo,2010,6502952,0,0,0,33494023,29.20000076,0.518599987,1030,-1,-0.8700000048,-0.9100000262,64.66000366,62.46699905,,-0.200000003,-0.97,-1.389999986
29,Togo,2011,6679282,0,0,0,50030458,28.70000076,0.4738000035,1050,-0.9499999881,-1,-0.8600000143,65.3809967,61.99000168,,-0.1800000072,-1,-1.360000014
29,Togo,2012,6859482,0,0,0,22209702,28.20000076,0.4217000008,1090,-1.039999962,-0.8399999738,-0.9300000072,67.31488037,61.50699997,,-0.4099999964,-1.01,-1.309999943
29,Togo,2013,7042948,0,0,0,54061265,27.70000076,0.3847999871,1110,-0.9599999785,-0.9200000167,-0.9800000191,70.22358704,61.02099991,,-0.3799999952,-1.04,-1.289999962
29,Togo,2014,7228915,0,0,0,39770478,27.20000076,0.3508000076,1250,-0.8299999833,-0.8199999928,-0.8700000048,76.25300598,60.53099823,,-0.1800000072,-0.92,-1.25
30,Uganda,2004,27568436,0,0,1,342204919,28.29999924,0.4912,1020,-0.6499999762,0,-0.6299999952,101.2186127,87.24500275,,-1.299999952,-0.75,-0.3400000036
30,Uganda,2005,28543940,1,510775,1,370785382,27.29999924,0.4451000094,1070,-0.5299999714,-0.1800000072,-0.5600000024,126.6641388,86.96900177,,-1.429999948,-0.84,-0.5400000215
30,Uganda,2006,29550662,1,9500000,1,386513519,26.29999924,0.4072000086,1190,-0.4199999869,-0.2099999934,-0.3400000036,146.4930878,86.68699646,,-1.159999967,-0.78,-0.4900000095
30,Uganda,2007,30590487,1,21500000,1,440401560,25.20000076,0.3785000145,1290,-0.4699999988,-0.200000003,-0.3799999952,155.3141937,86.40000153,,-0.9599999785,-0.82,-0.4199999869
30,Uganda,2008,31663896,1,21822000,1,456758761,24.10000038,0.3939999938,1380,-0.5,-0.2099999934,-0.3799999952,162.2656097,86.10800171,,-0.9100000262,-0.83,-0.5799999833
30,Uganda,2009,32771895,1,21600000,1,541666618,23.10000038,0.4158000052,1440,-0.5,-0.150000006,-0.4199999869,138.5757904,85.81099701,,-0.9900000095,-0.89,-0.6200000048
30,Uganda,2010,33915133,1,35000000,1,536867138,22.10000038,0.3702999949,1480,-0.5,-0.150000006,-0.3899999857,175.3118286,85.50800323,,-1,-0.9,-0.5199999809
30,Uganda,2011,35093648,1,34930000,1,570242578,21.20000076,0.2937000096,1600,-0.5099999905,-0.1400000006,-0.349999994,175.391037,85.19999695,,-0.9900000095,-0.89,-0.5099999905
30,Uganda,2012,36306796,1,33000000,1,773377004,20.39999962,0.2173999995,1630,-0.4799999893,-0.2300000042,-0.349999994,133.5744781,84.88500214,,-0.8799999952,-0.98,-0.5699999928
30,Uganda,2013,37553726,1,33782000,1,713597166,19.70000076,0.1578000039,1660,-0.5400000215,-0.2399999946,-0.349999994,132.5155945,84.56300354,,-0.8399999738,-1.05,-0.5899999738
30,Uganda,2014,38833338,1,34000000,1,766860859,19.20000076,0.1676999927,1720,-0.5799999833,-0.200000003,-0.3899999857,132.5879822,84.23400116,,-0.9399999976,-1.1,-0.5
31,Zambia,2004,11731746,0,0,1,245357496,29.29999924,0.2815999985,1920,-0.4099999964,-0.5099999905,-0.5199999809,151.000061,63.80400085,,0.150000006,-0.68,-0.8199999928
31,Zambia,2005,12052156,0,0,1,307162453,28,0.1932999939,2040,-0.4199999869,-0.6999999881,-0.5799999833,167.8493347,63.38800049,,0.0700000003,-0.79,-0.9300000072
31,Zambia,2006,12383446,1,7659000,1,241372992,27.10000038,0.1542000026,2170,-0.2199999988,-0.6200000048,-0.5899999738,146.7629089,62.96900177,,0.3600000143,-0.72,-0.8199999928
31,Zambia,2007,12725974,1,9470000,1,349069701,26.5,0.1254000068,2310,-0.2199999988,-0.4900000095,-0.5699999928,113.433136,62.54800034,,0.3400000036,-0.56,-0.7200000286
31,Zambia,2008,13082517,1,14879000,1,497060545,26,0.1067000031,2550,-0.1800000072,-0.4499999881,-0.4399999976,135.1150665,62.125,,0.4600000083,-0.47,-0.7300000191
31,Zambia,2009,13456417,1,14700000,1,425065933,25.60000038,0.1071000025,2880,-0.3199999928,-0.5,-0.4900000095,140.1181335,61.70100021,,0.5299999714,-0.51,-0.7900000215
31,Zambia,2010,13850033,1,25600000,1,348345575,25,0.1159000024,3000,-0.2599999905,-0.4799999893,-0.5,141.5118256,61.27500153,,0.4600000083,-0.57,-0.8299999833
31,Zambia,2011,14264756,1,23952000,1,517070217,24.39999962,0.1064999998,3200,-0.1800000072,-0.4199999869,-0.4699999988,144.1327057,60.84700012,,0.4699999988,-0.47,-0.6399999857
31,Zambia,2012,14699937,1,25700000,1,521770872,23.5,0.128700003,3530,-0.1400000006,-0.4099999964,-0.3899999857,175.0925751,60.4129982,,0.6100000143,-0.35,-0.4699999988
31,Zambia,2013,15153210,1,24027000,1,696033835,22.79999924,0.1647000015,3550,-0.1099999994,-0.4699999988,-0.2899999917,186.8919983,59.97299957,,0.3799999952,-0.38,-0.4900000095
31,Zambia,2014,15620974,1,24000000,1,537467291,22,0.1592999995,3750,-0.1099999994,-0.4900000095,-0.2599999905,194.6845093,59.52799988,,0.150000006,-0.41,-0.4900000095
32,Zimbabwe,2004,12777511,0,0,0,65924405,22.60000038,0.02659999952,1460,-1.549999952,-2.029999971,-1.75999999,108.8578949,65.70600128,,-1.25999999,-1.31,-0.9499999881
32,Zimbabwe,2005,12940032,0,0,0,134442506,23.10000038,0.02539999969,1400,-1.659999967,-2.210000038,-1.769999981,94.76007843,65.88999939,,-1.24000001,-1.27,-1.289999962
32,Zimbabwe,2006,13124267,0,0,1,139455823,23.70000076,0.02810000069,1360,-1.529999971,-1.929999948,-1.720000029,74.25489044,66.0739975,,-0.9100000262,-1.32,-1.269999981
32,Zimbabwe,2007,13329909,0,0,1,188986185,24.29999924,0.02840000018,1310,-1.570000052,-2.140000105,-1.779999971,63.3062973,66.25700378,,-1.110000014,-1.35,-1.24000001
32,Zimbabwe,2008,13558469,0,0,1,134783140,24.79999924,0.02979999967,1040,-1.539999962,-2.119999886,-1.75999999,57.99995041,66.44000244,,-1.200000048,-1.3,-1.5
32,Zimbabwe,2009,13810599,0,0,1,251238139,25.20000076,0.02930000052,1190,-1.539999962,-2.099999905,-1.840000033,76.94191742,66.62200165,,-1.159999967,-1.32,-1.519999981
32,Zimbabwe,2010,14086317,0,0,1,229199732,25.29999924,0.02459999919,1340,-1.480000019,-2.059999943,-1.809999943,73.12211609,66.80400085,,-1.120000005,-1.31,-1.5
32,Zimbabwe,2011,14386649,1,11977000,1,171999514,25.10000038,0.02329999954,1540,-1.470000029,-1.919999957,-1.779999971,96.08834076,66.98500061,,-0.9499999881,-1.38,-1.360000014
32,Zimbabwe,2012,14710826,1,14000000,1,420501257,24.79999924,0.0251000002,1770,-1.480000019,-1.879999995,-1.639999986,112.2177963,67.16600037,,-0.7900000215,-1.34,-1.330000043
32,Zimbabwe,2013,15054506,1,15035000,1,281361750,24.39999962,0.02659999952,1850,-1.399999976,-1.840000033,-1.590000033,119.7333374,67.34600067,,-0.6800000072,-1.41,-1.269999981
32,Zimbabwe,2014,15411675,1,15000000,1,333426665,23.89999962,0.02569999918,1890,-1.269999981,-1.899999976,-1.429999948,114.6085052,67.49900055,,-0.6800000072,-1.39,-1.190000057